{"cameraMode":{"drawMode":0,"name":"Shaded","section":"Shading Mode"},"sceneLighting":true,"audioPlay":false,"sceneViewState":{"m_AlwaysRefresh":false,"showFog":true,"showSkybox":true,"showFlares":true,"showImageEffects":true,"showParticleSystems":true,"showVisualEffectGraphs":true,"m_FxEnabled":true},"in2DMode":false,"pivot":{"x":0.15172740817070008,"y":0.64647376537323,"z":0.37266990542411806},"rotation":{"x":0.1628236174583435,"y":0.5587759017944336,"z":-0.11297759413719177,"w":0.8052994608879089},"size":1.1745197772979737,"orthographic":true}